----------------------------------------------------------------------------------------------------,
Accel-Sim-build,
APPS,QV100-SASS-Accelwattch_SASS_SIM
backprop-rodinia-2.0-ft/4096___data_result_4096_txt--all_kernels,accelsim-commit-6465301_modified_0.0_26-09-16-21-52-33
bfs-rodinia-2.0-ft/__data_graph4096_txt___data_graph4096_result_txt--all_kernels,accelsim-commit-6465301_modified_0.0_26-09-16-21-52-33
hotspot-rodinia-2.0-ft/30_6_40___data_result_30_6_40_txt--all_kernels,accelsim-commit-6465301_modified_0.0_26-09-16-21-52-33
heartwall-rodinia-2.0-ft/__data_test_avi_1___data_result_1_txt--all_kernels,accelsim-commit-6465301_modified_0.0_26-09-16-21-52-33
lud-rodinia-2.0-ft/_v__b__i___data_64_dat--all_kernels,accelsim-commit-6465301_modified_0.0_26-09-16-21-52-33
nw-rodinia-2.0-ft/128_10___data_result_128_10_txt--all_kernels,accelsim-commit-6465301_modified_0.0_26-09-16-21-52-33
nn-rodinia-2.0-ft/__data_filelist_4_3_30_90___data_filelist_4_3_30_90_result_txt--all_kernels,accelsim-commit-6465301_modified_0.0_26-09-16-21-52-33
pathfinder-rodinia-2.0-ft/1000_20_5___data_result_1000_20_5_txt--all_kernels,accelsim-commit-6465301_modified_0.0_26-09-16-21-52-33
srad_v2-rodinia-2.0-ft/__data_matrix128x128_txt_0_127_0_127__5_2___data_result_matrix128x128_1_150_1_100__5_2_txt--all_kernels,accelsim-commit-6465301_modified_0.0_26-09-16-21-52-33
streamcluster-rodinia-2.0-ft/3_6_16_1024_1024_100_none_output_txt_1___data_result_3_6_16_1024_1024_100_none_1_txt--all_kernels,accelsim-commit-6465301_modified_0.0_26-09-16-21-52-33

----------------------------------------------------------------------------------------------------,
GPGPU-Sim-build,
APPS,QV100-SASS-Accelwattch_SASS_SIM
backprop-rodinia-2.0-ft/4096___data_result_4096_txt--all_kernels,gpgpu-sim_git-commit-e10018b6_modified_0.0.
bfs-rodinia-2.0-ft/__data_graph4096_txt___data_graph4096_result_txt--all_kernels,gpgpu-sim_git-commit-e10018b6_modified_0.0.
hotspot-rodinia-2.0-ft/30_6_40___data_result_30_6_40_txt--all_kernels,gpgpu-sim_git-commit-e10018b6_modified_0.0.
heartwall-rodinia-2.0-ft/__data_test_avi_1___data_result_1_txt--all_kernels,gpgpu-sim_git-commit-e10018b6_modified_0.0.
lud-rodinia-2.0-ft/_v__b__i___data_64_dat--all_kernels,gpgpu-sim_git-commit-e10018b6_modified_0.0.
nw-rodinia-2.0-ft/128_10___data_result_128_10_txt--all_kernels,gpgpu-sim_git-commit-e10018b6_modified_0.0.
nn-rodinia-2.0-ft/__data_filelist_4_3_30_90___data_filelist_4_3_30_90_result_txt--all_kernels,gpgpu-sim_git-commit-e10018b6_modified_0.0.
pathfinder-rodinia-2.0-ft/1000_20_5___data_result_1000_20_5_txt--all_kernels,gpgpu-sim_git-commit-e10018b6_modified_0.0.
srad_v2-rodinia-2.0-ft/__data_matrix128x128_txt_0_127_0_127__5_2___data_result_matrix128x128_1_150_1_100__5_2_txt--all_kernels,gpgpu-sim_git-commit-e10018b6_modified_0.0.
streamcluster-rodinia-2.0-ft/3_6_16_1024_1024_100_none_output_txt_1___data_result_3_6_16_1024_1024_100_none_1_txt--all_kernels,gpgpu-sim_git-commit-e10018b6_modified_0.0.

----------------------------------------------------------------------------------------------------,
gpu_tot_sim_insn\s*=\s*(.*),
APPS,QV100-SASS-Accelwattch_SASS_SIM
backprop-rodinia-2.0-ft/4096___data_result_4096_txt--_Z22bpnn_layerforward_CUDAPfS_S_S_ii,7589888.0
backprop-rodinia-2.0-ft/4096___data_result_4096_txt--_Z24bpnn_adjust_weights_cudaPfiS_iS_S_,2883936.0
bfs-rodinia-2.0-ft/__data_graph4096_txt___data_graph4096_result_txt--_Z6KernelP4NodePiPbS2_S2_S1_i,793220.0
bfs-rodinia-2.0-ft/__data_graph4096_txt___data_graph4096_result_txt--_Z7Kernel2PbS_S_S_i,417778.0
hotspot-rodinia-2.0-ft/30_6_40___data_result_30_6_40_txt--_Z14calculate_tempiPfS_iiiiffffff,33950092.0
heartwall-rodinia-2.0-ft/__data_test_avi_1___data_result_1_txt--_Z6kernelv,7329465.0
lud-rodinia-2.0-ft/_v__b__i___data_64_dat--_Z12lud_diagonalPfii,78692.0
lud-rodinia-2.0-ft/_v__b__i___data_64_dat--_Z13lud_perimeterPfii,96480.0
lud-rodinia-2.0-ft/_v__b__i___data_64_dat--_Z12lud_internalPfii,243712.0
nw-rodinia-2.0-ft/128_10___data_result_128_10_txt--_Z20needle_cuda_shared_1PiS_S_iiii,333072.0
nw-rodinia-2.0-ft/128_10___data_result_128_10_txt--_Z20needle_cuda_shared_2PiS_S_iiii,262164.0
nn-rodinia-2.0-ft/__data_filelist_4_3_30_90___data_filelist_4_3_30_90_result_txt--_Z6euclidPcffPfiii,6714538.0
pathfinder-rodinia-2.0-ft/1000_20_5___data_result_1000_20_5_txt--_Z14dynproc_kerneliPiS_S_iiii,1059640.0
srad_v2-rodinia-2.0-ft/__data_matrix128x128_txt_0_127_0_127__5_2___data_result_matrix128x128_1_150_1_100__5_2_txt--_Z11srad_cuda_1PfS_S_S_S_S_iif,7804350.0
srad_v2-rodinia-2.0-ft/__data_matrix128x128_txt_0_127_0_127__5_2___data_result_matrix128x128_1_150_1_100__5_2_txt--_Z11srad_cuda_2PfS_S_S_S_S_iiff,3083904.0
streamcluster-rodinia-2.0-ft/3_6_16_1024_1024_100_none_output_txt_1___data_result_3_6_16_1024_1024_100_none_1_txt--_Z12pgain_kerneliilP5PointiPfS1_PiPb,20365977.0

----------------------------------------------------------------------------------------------------,
gpgpu_simulation_time\s*=.*\(([0-9]+) sec\).*,
APPS,QV100-SASS-Accelwattch_SASS_SIM
backprop-rodinia-2.0-ft/4096___data_result_4096_txt--_Z22bpnn_layerforward_CUDAPfS_S_S_ii,7.0
backprop-rodinia-2.0-ft/4096___data_result_4096_txt--_Z24bpnn_adjust_weights_cudaPfiS_iS_S_,7.0
bfs-rodinia-2.0-ft/__data_graph4096_txt___data_graph4096_result_txt--_Z6KernelP4NodePiPbS2_S2_S1_i,14.0
bfs-rodinia-2.0-ft/__data_graph4096_txt___data_graph4096_result_txt--_Z7Kernel2PbS_S_S_i,7.0
hotspot-rodinia-2.0-ft/30_6_40___data_result_30_6_40_txt--_Z14calculate_tempiPfS_iiiiffffff,37.0
heartwall-rodinia-2.0-ft/__data_test_avi_1___data_result_1_txt--_Z6kernelv,5.0
lud-rodinia-2.0-ft/_v__b__i___data_64_dat--_Z12lud_diagonalPfii,16.0
lud-rodinia-2.0-ft/_v__b__i___data_64_dat--_Z13lud_perimeterPfii,4.0
lud-rodinia-2.0-ft/_v__b__i___data_64_dat--_Z12lud_internalPfii,4.0
nw-rodinia-2.0-ft/128_10___data_result_128_10_txt--_Z20needle_cuda_shared_1PiS_S_iiii,9.0
nw-rodinia-2.0-ft/128_10___data_result_128_10_txt--_Z20needle_cuda_shared_2PiS_S_iiii,12.0
nn-rodinia-2.0-ft/__data_filelist_4_3_30_90___data_filelist_4_3_30_90_result_txt--_Z6euclidPcffPfiii,29.0
pathfinder-rodinia-2.0-ft/1000_20_5___data_result_1000_20_5_txt--_Z14dynproc_kerneliPiS_S_iiii,4.0
srad_v2-rodinia-2.0-ft/__data_matrix128x128_txt_0_127_0_127__5_2___data_result_matrix128x128_1_150_1_100__5_2_txt--_Z11srad_cuda_1PfS_S_S_S_S_iif,9.0
srad_v2-rodinia-2.0-ft/__data_matrix128x128_txt_0_127_0_127__5_2___data_result_matrix128x128_1_150_1_100__5_2_txt--_Z11srad_cuda_2PfS_S_S_S_S_iiff,8.0
streamcluster-rodinia-2.0-ft/3_6_16_1024_1024_100_none_output_txt_1___data_result_3_6_16_1024_1024_100_none_1_txt--_Z12pgain_kerneliilP5PointiPfS1_PiPb,296.0

----------------------------------------------------------------------------------------------------,
gpu_tot_sim_cycle\s*=\s*(.*),
APPS,QV100-SASS-Accelwattch_SASS_SIM
backprop-rodinia-2.0-ft/4096___data_result_4096_txt--_Z22bpnn_layerforward_CUDAPfS_S_S_ii,7722.0
backprop-rodinia-2.0-ft/4096___data_result_4096_txt--_Z24bpnn_adjust_weights_cudaPfiS_iS_S_,7009.0
bfs-rodinia-2.0-ft/__data_graph4096_txt___data_graph4096_result_txt--_Z6KernelP4NodePiPbS2_S2_S1_i,71170.0
bfs-rodinia-2.0-ft/__data_graph4096_txt___data_graph4096_result_txt--_Z7Kernel2PbS_S_S_i,44386.0
hotspot-rodinia-2.0-ft/30_6_40___data_result_30_6_40_txt--_Z14calculate_tempiPfS_iiiiffffff,53853.0
heartwall-rodinia-2.0-ft/__data_test_avi_1___data_result_1_txt--_Z6kernelv,8389.0
lud-rodinia-2.0-ft/_v__b__i___data_64_dat--_Z12lud_diagonalPfii,83632.0
lud-rodinia-2.0-ft/_v__b__i___data_64_dat--_Z13lud_perimeterPfii,26259.0
lud-rodinia-2.0-ft/_v__b__i___data_64_dat--_Z12lud_internalPfii,17418.0
nw-rodinia-2.0-ft/128_10___data_result_128_10_txt--_Z20needle_cuda_shared_1PiS_S_iiii,70720.0
nw-rodinia-2.0-ft/128_10___data_result_128_10_txt--_Z20needle_cuda_shared_2PiS_S_iiii,61936.0
nn-rodinia-2.0-ft/__data_filelist_4_3_30_90___data_filelist_4_3_30_90_result_txt--_Z6euclidPcffPfiii,29962.0
pathfinder-rodinia-2.0-ft/1000_20_5___data_result_1000_20_5_txt--_Z14dynproc_kerneliPiS_S_iiii,28717.0
srad_v2-rodinia-2.0-ft/__data_matrix128x128_txt_0_127_0_127__5_2___data_result_matrix128x128_1_150_1_100__5_2_txt--_Z11srad_cuda_1PfS_S_S_S_S_iif,15163.0
srad_v2-rodinia-2.0-ft/__data_matrix128x128_txt_0_127_0_127__5_2___data_result_matrix128x128_1_150_1_100__5_2_txt--_Z11srad_cuda_2PfS_S_S_S_S_iiff,14048.0
streamcluster-rodinia-2.0-ft/3_6_16_1024_1024_100_none_output_txt_1___data_result_3_6_16_1024_1024_100_none_1_txt--_Z12pgain_kerneliilP5PointiPfS1_PiPb,1172585.0

----------------------------------------------------------------------------------------------------,
\s+L2_cache_stats_breakdown\[GLOBAL_ACC_R\]\[HIT\]\s*=\s*(.*),
APPS,QV100-SASS-Accelwattch_SASS_SIM
backprop-rodinia-2.0-ft/4096___data_result_4096_txt--_Z22bpnn_layerforward_CUDAPfS_S_S_ii,9496.0
backprop-rodinia-2.0-ft/4096___data_result_4096_txt--_Z24bpnn_adjust_weights_cudaPfiS_iS_S_,18932.0
bfs-rodinia-2.0-ft/__data_graph4096_txt___data_graph4096_result_txt--_Z6KernelP4NodePiPbS2_S2_S1_i,13450.0
bfs-rodinia-2.0-ft/__data_graph4096_txt___data_graph4096_result_txt--_Z7Kernel2PbS_S_S_i,1024.0
hotspot-rodinia-2.0-ft/30_6_40___data_result_30_6_40_txt--_Z14calculate_tempiPfS_iiiiffffff,26943.0
heartwall-rodinia-2.0-ft/__data_test_avi_1___data_result_1_txt--_Z6kernelv,18819.0
lud-rodinia-2.0-ft/_v__b__i___data_64_dat--_Z12lud_diagonalPfii,128.0
lud-rodinia-2.0-ft/_v__b__i___data_64_dat--_Z13lud_perimeterPfii,576.0
lud-rodinia-2.0-ft/_v__b__i___data_64_dat--_Z12lud_internalPfii,1344.0
nw-rodinia-2.0-ft/128_10___data_result_128_10_txt--_Z20needle_cuda_shared_1PiS_S_iiii,2340.0
nw-rodinia-2.0-ft/128_10___data_result_128_10_txt--_Z20needle_cuda_shared_2PiS_S_iiii,1820.0
nn-rodinia-2.0-ft/__data_filelist_4_3_30_90___data_filelist_4_3_30_90_result_txt--_Z6euclidPcffPfiii,78752.0
pathfinder-rodinia-2.0-ft/1000_20_5___data_result_1000_20_5_txt--_Z14dynproc_kerneliPiS_S_iiii,3017.0
srad_v2-rodinia-2.0-ft/__data_matrix128x128_txt_0_127_0_127__5_2___data_result_matrix128x128_1_150_1_100__5_2_txt--_Z11srad_cuda_1PfS_S_S_S_S_iif,8656.0
srad_v2-rodinia-2.0-ft/__data_matrix128x128_txt_0_127_0_127__5_2___data_result_matrix128x128_1_150_1_100__5_2_txt--_Z11srad_cuda_2PfS_S_S_S_S_iiff,26880.0
streamcluster-rodinia-2.0-ft/3_6_16_1024_1024_100_none_output_txt_1___data_result_3_6_16_1024_1024_100_none_1_txt--_Z12pgain_kerneliilP5PointiPfS1_PiPb,444879.0

----------------------------------------------------------------------------------------------------,
\s+L2_cache_stats_breakdown\[GLOBAL_ACC_R\]\[TOTAL_ACCESS\]\s*=\s*(.*),
APPS,QV100-SASS-Accelwattch_SASS_SIM
backprop-rodinia-2.0-ft/4096___data_result_4096_txt--_Z22bpnn_layerforward_CUDAPfS_S_S_ii,9569.0
backprop-rodinia-2.0-ft/4096___data_result_4096_txt--_Z24bpnn_adjust_weights_cudaPfiS_iS_S_,18932.0
bfs-rodinia-2.0-ft/__data_graph4096_txt___data_graph4096_result_txt--_Z6KernelP4NodePiPbS2_S2_S1_i,13451.0
bfs-rodinia-2.0-ft/__data_graph4096_txt___data_graph4096_result_txt--_Z7Kernel2PbS_S_S_i,1024.0
hotspot-rodinia-2.0-ft/30_6_40___data_result_30_6_40_txt--_Z14calculate_tempiPfS_iiiiffffff,27043.0
heartwall-rodinia-2.0-ft/__data_test_avi_1___data_result_1_txt--_Z6kernelv,18819.0
lud-rodinia-2.0-ft/_v__b__i___data_64_dat--_Z12lud_diagonalPfii,128.0
lud-rodinia-2.0-ft/_v__b__i___data_64_dat--_Z13lud_perimeterPfii,576.0
lud-rodinia-2.0-ft/_v__b__i___data_64_dat--_Z12lud_internalPfii,1344.0
nw-rodinia-2.0-ft/128_10___data_result_128_10_txt--_Z20needle_cuda_shared_1PiS_S_iiii,2340.0
nw-rodinia-2.0-ft/128_10___data_result_128_10_txt--_Z20needle_cuda_shared_2PiS_S_iiii,1820.0
nn-rodinia-2.0-ft/__data_filelist_4_3_30_90___data_filelist_4_3_30_90_result_txt--_Z6euclidPcffPfiii,78752.0
pathfinder-rodinia-2.0-ft/1000_20_5___data_result_1000_20_5_txt--_Z14dynproc_kerneliPiS_S_iiii,3021.0
srad_v2-rodinia-2.0-ft/__data_matrix128x128_txt_0_127_0_127__5_2___data_result_matrix128x128_1_150_1_100__5_2_txt--_Z11srad_cuda_1PfS_S_S_S_S_iif,8704.0
srad_v2-rodinia-2.0-ft/__data_matrix128x128_txt_0_127_0_127__5_2___data_result_matrix128x128_1_150_1_100__5_2_txt--_Z11srad_cuda_2PfS_S_S_S_S_iiff,26880.0
streamcluster-rodinia-2.0-ft/3_6_16_1024_1024_100_none_output_txt_1___data_result_3_6_16_1024_1024_100_none_1_txt--_Z12pgain_kerneliilP5PointiPfS1_PiPb,462658.0

----------------------------------------------------------------------------------------------------,
\s+L2_cache_stats_breakdown\[GLOBAL_ACC_W\]\[HIT\]\s*=\s*(.*),
APPS,QV100-SASS-Accelwattch_SASS_SIM
backprop-rodinia-2.0-ft/4096___data_result_4096_txt--_Z22bpnn_layerforward_CUDAPfS_S_S_ii,11776.0
backprop-rodinia-2.0-ft/4096___data_result_4096_txt--_Z24bpnn_adjust_weights_cudaPfiS_iS_S_,20486.0
bfs-rodinia-2.0-ft/__data_graph4096_txt___data_graph4096_result_txt--_Z6KernelP4NodePiPbS2_S2_S1_i,14172.0
bfs-rodinia-2.0-ft/__data_graph4096_txt___data_graph4096_result_txt--_Z7Kernel2PbS_S_S_i,2196.0
hotspot-rodinia-2.0-ft/30_6_40___data_result_30_6_40_txt--_Z14calculate_tempiPfS_iiiiffffff,1962.0
heartwall-rodinia-2.0-ft/__data_test_avi_1___data_result_1_txt--_Z6kernelv,3838.0
lud-rodinia-2.0-ft/_v__b__i___data_64_dat--_Z12lud_diagonalPfii,960.0
lud-rodinia-2.0-ft/_v__b__i___data_64_dat--_Z13lud_perimeterPfii,372.0
lud-rodinia-2.0-ft/_v__b__i___data_64_dat--_Z12lud_internalPfii,448.0
nw-rodinia-2.0-ft/128_10___data_result_128_10_txt--_Z20needle_cuda_shared_1PiS_S_iiii,1656.0
nw-rodinia-2.0-ft/128_10___data_result_128_10_txt--_Z20needle_cuda_shared_2PiS_S_iiii,1288.0
nn-rodinia-2.0-ft/__data_filelist_4_3_30_90___data_filelist_4_3_30_90_result_txt--_Z6euclidPcffPfiii,5625.0
pathfinder-rodinia-2.0-ft/1000_20_5___data_result_1000_20_5_txt--_Z14dynproc_kerneliPiS_S_iiii,500.0
srad_v2-rodinia-2.0-ft/__data_matrix128x128_txt_0_127_0_127__5_2___data_result_matrix128x128_1_150_1_100__5_2_txt--_Z11srad_cuda_1PfS_S_S_S_S_iif,32.0
srad_v2-rodinia-2.0-ft/__data_matrix128x128_txt_0_127_0_127__5_2___data_result_matrix128x128_1_150_1_100__5_2_txt--_Z11srad_cuda_2PfS_S_S_S_S_iiff,4096.0
streamcluster-rodinia-2.0-ft/3_6_16_1024_1024_100_none_output_txt_1___data_result_3_6_16_1024_1024_100_none_1_txt--_Z12pgain_kerneliilP5PointiPfS1_PiPb,50539.0

----------------------------------------------------------------------------------------------------,
\s+L2_cache_stats_breakdown\[GLOBAL_ACC_W\]\[TOTAL_ACCESS\]\s*=\s*(.*),
APPS,QV100-SASS-Accelwattch_SASS_SIM
backprop-rodinia-2.0-ft/4096___data_result_4096_txt--_Z22bpnn_layerforward_CUDAPfS_S_S_ii,12288.0
backprop-rodinia-2.0-ft/4096___data_result_4096_txt--_Z24bpnn_adjust_weights_cudaPfiS_iS_S_,20486.0
bfs-rodinia-2.0-ft/__data_graph4096_txt___data_graph4096_result_txt--_Z6KernelP4NodePiPbS2_S2_S1_i,14424.0
bfs-rodinia-2.0-ft/__data_graph4096_txt___data_graph4096_result_txt--_Z7Kernel2PbS_S_S_i,2196.0
hotspot-rodinia-2.0-ft/30_6_40___data_result_30_6_40_txt--_Z14calculate_tempiPfS_iiiiffffff,1962.0
heartwall-rodinia-2.0-ft/__data_test_avi_1___data_result_1_txt--_Z6kernelv,20522.0
lud-rodinia-2.0-ft/_v__b__i___data_64_dat--_Z12lud_diagonalPfii,960.0
lud-rodinia-2.0-ft/_v__b__i___data_64_dat--_Z13lud_perimeterPfii,372.0
lud-rodinia-2.0-ft/_v__b__i___data_64_dat--_Z12lud_internalPfii,448.0
nw-rodinia-2.0-ft/128_10___data_result_128_10_txt--_Z20needle_cuda_shared_1PiS_S_iiii,1656.0
nw-rodinia-2.0-ft/128_10___data_result_128_10_txt--_Z20needle_cuda_shared_2PiS_S_iiii,1288.0
nn-rodinia-2.0-ft/__data_filelist_4_3_30_90___data_filelist_4_3_30_90_result_txt--_Z6euclidPcffPfiii,7500.0
pathfinder-rodinia-2.0-ft/1000_20_5___data_result_1000_20_5_txt--_Z14dynproc_kerneliPiS_S_iiii,625.0
srad_v2-rodinia-2.0-ft/__data_matrix128x128_txt_0_127_0_127__5_2___data_result_matrix128x128_1_150_1_100__5_2_txt--_Z11srad_cuda_1PfS_S_S_S_S_iif,20480.0
srad_v2-rodinia-2.0-ft/__data_matrix128x128_txt_0_127_0_127__5_2___data_result_matrix128x128_1_150_1_100__5_2_txt--_Z11srad_cuda_2PfS_S_S_S_S_iiff,4096.0
streamcluster-rodinia-2.0-ft/3_6_16_1024_1024_100_none_output_txt_1___data_result_3_6_16_1024_1024_100_none_1_txt--_Z12pgain_kerneliilP5PointiPfS1_PiPb,50539.0

----------------------------------------------------------------------------------------------------,
\s+L2_cache_stats_breakdown\[CHIPLET_ACC_R\]\[HIT\]\s*=\s*(.*),
APPS,QV100-SASS-Accelwattch_SASS_SIM
backprop-rodinia-2.0-ft/4096___data_result_4096_txt--_Z22bpnn_layerforward_CUDAPfS_S_S_ii,0.0
backprop-rodinia-2.0-ft/4096___data_result_4096_txt--_Z24bpnn_adjust_weights_cudaPfiS_iS_S_,0.0
bfs-rodinia-2.0-ft/__data_graph4096_txt___data_graph4096_result_txt--_Z6KernelP4NodePiPbS2_S2_S1_i,0.0
bfs-rodinia-2.0-ft/__data_graph4096_txt___data_graph4096_result_txt--_Z7Kernel2PbS_S_S_i,0.0
hotspot-rodinia-2.0-ft/30_6_40___data_result_30_6_40_txt--_Z14calculate_tempiPfS_iiiiffffff,0.0
heartwall-rodinia-2.0-ft/__data_test_avi_1___data_result_1_txt--_Z6kernelv,0.0
lud-rodinia-2.0-ft/_v__b__i___data_64_dat--_Z12lud_diagonalPfii,0.0
lud-rodinia-2.0-ft/_v__b__i___data_64_dat--_Z13lud_perimeterPfii,0.0
lud-rodinia-2.0-ft/_v__b__i___data_64_dat--_Z12lud_internalPfii,0.0
nw-rodinia-2.0-ft/128_10___data_result_128_10_txt--_Z20needle_cuda_shared_1PiS_S_iiii,0.0
nw-rodinia-2.0-ft/128_10___data_result_128_10_txt--_Z20needle_cuda_shared_2PiS_S_iiii,0.0
nn-rodinia-2.0-ft/__data_filelist_4_3_30_90___data_filelist_4_3_30_90_result_txt--_Z6euclidPcffPfiii,0.0
pathfinder-rodinia-2.0-ft/1000_20_5___data_result_1000_20_5_txt--_Z14dynproc_kerneliPiS_S_iiii,0.0
srad_v2-rodinia-2.0-ft/__data_matrix128x128_txt_0_127_0_127__5_2___data_result_matrix128x128_1_150_1_100__5_2_txt--_Z11srad_cuda_1PfS_S_S_S_S_iif,0.0
srad_v2-rodinia-2.0-ft/__data_matrix128x128_txt_0_127_0_127__5_2___data_result_matrix128x128_1_150_1_100__5_2_txt--_Z11srad_cuda_2PfS_S_S_S_S_iiff,0.0
streamcluster-rodinia-2.0-ft/3_6_16_1024_1024_100_none_output_txt_1___data_result_3_6_16_1024_1024_100_none_1_txt--_Z12pgain_kerneliilP5PointiPfS1_PiPb,0.0

----------------------------------------------------------------------------------------------------,
\s+L2_cache_stats_breakdown\[CHIPLET_ACC_R\]\[TOTAL_ACCESS\]\s*=\s*(.*),
APPS,QV100-SASS-Accelwattch_SASS_SIM
backprop-rodinia-2.0-ft/4096___data_result_4096_txt--_Z22bpnn_layerforward_CUDAPfS_S_S_ii,NA
backprop-rodinia-2.0-ft/4096___data_result_4096_txt--_Z24bpnn_adjust_weights_cudaPfiS_iS_S_,NA
bfs-rodinia-2.0-ft/__data_graph4096_txt___data_graph4096_result_txt--_Z6KernelP4NodePiPbS2_S2_S1_i,NA
bfs-rodinia-2.0-ft/__data_graph4096_txt___data_graph4096_result_txt--_Z7Kernel2PbS_S_S_i,NA
hotspot-rodinia-2.0-ft/30_6_40___data_result_30_6_40_txt--_Z14calculate_tempiPfS_iiiiffffff,NA
heartwall-rodinia-2.0-ft/__data_test_avi_1___data_result_1_txt--_Z6kernelv,NA
lud-rodinia-2.0-ft/_v__b__i___data_64_dat--_Z12lud_diagonalPfii,NA
lud-rodinia-2.0-ft/_v__b__i___data_64_dat--_Z13lud_perimeterPfii,NA
lud-rodinia-2.0-ft/_v__b__i___data_64_dat--_Z12lud_internalPfii,NA
nw-rodinia-2.0-ft/128_10___data_result_128_10_txt--_Z20needle_cuda_shared_1PiS_S_iiii,NA
nw-rodinia-2.0-ft/128_10___data_result_128_10_txt--_Z20needle_cuda_shared_2PiS_S_iiii,NA
nn-rodinia-2.0-ft/__data_filelist_4_3_30_90___data_filelist_4_3_30_90_result_txt--_Z6euclidPcffPfiii,NA
pathfinder-rodinia-2.0-ft/1000_20_5___data_result_1000_20_5_txt--_Z14dynproc_kerneliPiS_S_iiii,NA
srad_v2-rodinia-2.0-ft/__data_matrix128x128_txt_0_127_0_127__5_2___data_result_matrix128x128_1_150_1_100__5_2_txt--_Z11srad_cuda_1PfS_S_S_S_S_iif,NA
srad_v2-rodinia-2.0-ft/__data_matrix128x128_txt_0_127_0_127__5_2___data_result_matrix128x128_1_150_1_100__5_2_txt--_Z11srad_cuda_2PfS_S_S_S_S_iiff,NA
streamcluster-rodinia-2.0-ft/3_6_16_1024_1024_100_none_output_txt_1___data_result_3_6_16_1024_1024_100_none_1_txt--_Z12pgain_kerneliilP5PointiPfS1_PiPb,NA

----------------------------------------------------------------------------------------------------,
\s+L2_cache_stats_breakdown\[CHIPLET_ACC_W\]\[HIT\]\s*=\s*(.*),
APPS,QV100-SASS-Accelwattch_SASS_SIM
backprop-rodinia-2.0-ft/4096___data_result_4096_txt--_Z22bpnn_layerforward_CUDAPfS_S_S_ii,0.0
backprop-rodinia-2.0-ft/4096___data_result_4096_txt--_Z24bpnn_adjust_weights_cudaPfiS_iS_S_,0.0
bfs-rodinia-2.0-ft/__data_graph4096_txt___data_graph4096_result_txt--_Z6KernelP4NodePiPbS2_S2_S1_i,0.0
bfs-rodinia-2.0-ft/__data_graph4096_txt___data_graph4096_result_txt--_Z7Kernel2PbS_S_S_i,0.0
hotspot-rodinia-2.0-ft/30_6_40___data_result_30_6_40_txt--_Z14calculate_tempiPfS_iiiiffffff,0.0
heartwall-rodinia-2.0-ft/__data_test_avi_1___data_result_1_txt--_Z6kernelv,0.0
lud-rodinia-2.0-ft/_v__b__i___data_64_dat--_Z12lud_diagonalPfii,0.0
lud-rodinia-2.0-ft/_v__b__i___data_64_dat--_Z13lud_perimeterPfii,0.0
lud-rodinia-2.0-ft/_v__b__i___data_64_dat--_Z12lud_internalPfii,0.0
nw-rodinia-2.0-ft/128_10___data_result_128_10_txt--_Z20needle_cuda_shared_1PiS_S_iiii,0.0
nw-rodinia-2.0-ft/128_10___data_result_128_10_txt--_Z20needle_cuda_shared_2PiS_S_iiii,0.0
nn-rodinia-2.0-ft/__data_filelist_4_3_30_90___data_filelist_4_3_30_90_result_txt--_Z6euclidPcffPfiii,0.0
pathfinder-rodinia-2.0-ft/1000_20_5___data_result_1000_20_5_txt--_Z14dynproc_kerneliPiS_S_iiii,0.0
srad_v2-rodinia-2.0-ft/__data_matrix128x128_txt_0_127_0_127__5_2___data_result_matrix128x128_1_150_1_100__5_2_txt--_Z11srad_cuda_1PfS_S_S_S_S_iif,0.0
srad_v2-rodinia-2.0-ft/__data_matrix128x128_txt_0_127_0_127__5_2___data_result_matrix128x128_1_150_1_100__5_2_txt--_Z11srad_cuda_2PfS_S_S_S_S_iiff,0.0
streamcluster-rodinia-2.0-ft/3_6_16_1024_1024_100_none_output_txt_1___data_result_3_6_16_1024_1024_100_none_1_txt--_Z12pgain_kerneliilP5PointiPfS1_PiPb,0.0

----------------------------------------------------------------------------------------------------,
\s+L2_cache_stats_breakdown\[CHIPLET_ACC_W\]\[TOTAL_ACCESS\]\s*=\s*(.*),
APPS,QV100-SASS-Accelwattch_SASS_SIM
backprop-rodinia-2.0-ft/4096___data_result_4096_txt--_Z22bpnn_layerforward_CUDAPfS_S_S_ii,NA
backprop-rodinia-2.0-ft/4096___data_result_4096_txt--_Z24bpnn_adjust_weights_cudaPfiS_iS_S_,NA
bfs-rodinia-2.0-ft/__data_graph4096_txt___data_graph4096_result_txt--_Z6KernelP4NodePiPbS2_S2_S1_i,NA
bfs-rodinia-2.0-ft/__data_graph4096_txt___data_graph4096_result_txt--_Z7Kernel2PbS_S_S_i,NA
hotspot-rodinia-2.0-ft/30_6_40___data_result_30_6_40_txt--_Z14calculate_tempiPfS_iiiiffffff,NA
heartwall-rodinia-2.0-ft/__data_test_avi_1___data_result_1_txt--_Z6kernelv,NA
lud-rodinia-2.0-ft/_v__b__i___data_64_dat--_Z12lud_diagonalPfii,NA
lud-rodinia-2.0-ft/_v__b__i___data_64_dat--_Z13lud_perimeterPfii,NA
lud-rodinia-2.0-ft/_v__b__i___data_64_dat--_Z12lud_internalPfii,NA
nw-rodinia-2.0-ft/128_10___data_result_128_10_txt--_Z20needle_cuda_shared_1PiS_S_iiii,NA
nw-rodinia-2.0-ft/128_10___data_result_128_10_txt--_Z20needle_cuda_shared_2PiS_S_iiii,NA
nn-rodinia-2.0-ft/__data_filelist_4_3_30_90___data_filelist_4_3_30_90_result_txt--_Z6euclidPcffPfiii,NA
pathfinder-rodinia-2.0-ft/1000_20_5___data_result_1000_20_5_txt--_Z14dynproc_kerneliPiS_S_iiii,NA
srad_v2-rodinia-2.0-ft/__data_matrix128x128_txt_0_127_0_127__5_2___data_result_matrix128x128_1_150_1_100__5_2_txt--_Z11srad_cuda_1PfS_S_S_S_S_iif,NA
srad_v2-rodinia-2.0-ft/__data_matrix128x128_txt_0_127_0_127__5_2___data_result_matrix128x128_1_150_1_100__5_2_txt--_Z11srad_cuda_2PfS_S_S_S_S_iiff,NA
streamcluster-rodinia-2.0-ft/3_6_16_1024_1024_100_none_output_txt_1___data_result_3_6_16_1024_1024_100_none_1_txt--_Z12pgain_kerneliilP5PointiPfS1_PiPb,NA

----------------------------------------------------------------------------------------------------,
\s+Total_core_cache_stats_breakdown\[GLOBAL_ACC_R\]\[TOTAL_ACCESS\]\s*=\s*(.*),
APPS,QV100-SASS-Accelwattch_SASS_SIM
backprop-rodinia-2.0-ft/4096___data_result_4096_txt--_Z22bpnn_layerforward_CUDAPfS_S_S_ii,14446.0
backprop-rodinia-2.0-ft/4096___data_result_4096_txt--_Z24bpnn_adjust_weights_cudaPfiS_iS_S_,48143.0
bfs-rodinia-2.0-ft/__data_graph4096_txt___data_graph4096_result_txt--_Z6KernelP4NodePiPbS2_S2_S1_i,69357.0
bfs-rodinia-2.0-ft/__data_graph4096_txt___data_graph4096_result_txt--_Z7Kernel2PbS_S_S_i,1024.0
hotspot-rodinia-2.0-ft/30_6_40___data_result_30_6_40_txt--_Z14calculate_tempiPfS_iiiiffffff,27143.0
heartwall-rodinia-2.0-ft/__data_test_avi_1___data_result_1_txt--_Z6kernelv,30987.0
lud-rodinia-2.0-ft/_v__b__i___data_64_dat--_Z12lud_diagonalPfii,128.0
lud-rodinia-2.0-ft/_v__b__i___data_64_dat--_Z13lud_perimeterPfii,576.0
lud-rodinia-2.0-ft/_v__b__i___data_64_dat--_Z12lud_internalPfii,1344.0
nw-rodinia-2.0-ft/128_10___data_result_128_10_txt--_Z20needle_cuda_shared_1PiS_S_iiii,2376.0
nw-rodinia-2.0-ft/128_10___data_result_128_10_txt--_Z20needle_cuda_shared_2PiS_S_iiii,1848.0
nn-rodinia-2.0-ft/__data_filelist_4_3_30_90___data_filelist_4_3_30_90_result_txt--_Z6euclidPcffPfiii,480000.0
pathfinder-rodinia-2.0-ft/1000_20_5___data_result_1000_20_5_txt--_Z14dynproc_kerneliPiS_S_iiii,3661.0
srad_v2-rodinia-2.0-ft/__data_matrix128x128_txt_0_127_0_127__5_2___data_result_matrix128x128_1_150_1_100__5_2_txt--_Z11srad_cuda_1PfS_S_S_S_S_iif,13312.0
srad_v2-rodinia-2.0-ft/__data_matrix128x128_txt_0_127_0_127__5_2___data_result_matrix128x128_1_150_1_100__5_2_txt--_Z11srad_cuda_2PfS_S_S_S_S_iiff,29184.0
streamcluster-rodinia-2.0-ft/3_6_16_1024_1024_100_none_output_txt_1___data_result_3_6_16_1024_1024_100_none_1_txt--_Z12pgain_kerneliilP5PointiPfS1_PiPb,642717.0

----------------------------------------------------------------------------------------------------,
\s+Total_core_cache_stats_breakdown\[GLOBAL_ACC_R\]\[HIT\]\s*=\s*(.*),
APPS,QV100-SASS-Accelwattch_SASS_SIM
backprop-rodinia-2.0-ft/4096___data_result_4096_txt--_Z22bpnn_layerforward_CUDAPfS_S_S_ii,1601.0
backprop-rodinia-2.0-ft/4096___data_result_4096_txt--_Z24bpnn_adjust_weights_cudaPfiS_iS_S_,23213.0
bfs-rodinia-2.0-ft/__data_graph4096_txt___data_graph4096_result_txt--_Z6KernelP4NodePiPbS2_S2_S1_i,54189.0
bfs-rodinia-2.0-ft/__data_graph4096_txt___data_graph4096_result_txt--_Z7Kernel2PbS_S_S_i,0.0
hotspot-rodinia-2.0-ft/30_6_40___data_result_30_6_40_txt--_Z14calculate_tempiPfS_iiiiffffff,0.0
heartwall-rodinia-2.0-ft/__data_test_avi_1___data_result_1_txt--_Z6kernelv,9207.0
lud-rodinia-2.0-ft/_v__b__i___data_64_dat--_Z12lud_diagonalPfii,0.0
lud-rodinia-2.0-ft/_v__b__i___data_64_dat--_Z13lud_perimeterPfii,0.0
lud-rodinia-2.0-ft/_v__b__i___data_64_dat--_Z12lud_internalPfii,0.0
nw-rodinia-2.0-ft/128_10___data_result_128_10_txt--_Z20needle_cuda_shared_1PiS_S_iiii,36.0
nw-rodinia-2.0-ft/128_10___data_result_128_10_txt--_Z20needle_cuda_shared_2PiS_S_iiii,28.0
nn-rodinia-2.0-ft/__data_filelist_4_3_30_90___data_filelist_4_3_30_90_result_txt--_Z6euclidPcffPfiii,97941.0
pathfinder-rodinia-2.0-ft/1000_20_5___data_result_1000_20_5_txt--_Z14dynproc_kerneliPiS_S_iiii,0.0
srad_v2-rodinia-2.0-ft/__data_matrix128x128_txt_0_127_0_127__5_2___data_result_matrix128x128_1_150_1_100__5_2_txt--_Z11srad_cuda_1PfS_S_S_S_S_iif,576.0
srad_v2-rodinia-2.0-ft/__data_matrix128x128_txt_0_127_0_127__5_2___data_result_matrix128x128_1_150_1_100__5_2_txt--_Z11srad_cuda_2PfS_S_S_S_S_iiff,288.0
streamcluster-rodinia-2.0-ft/3_6_16_1024_1024_100_none_output_txt_1___data_result_3_6_16_1024_1024_100_none_1_txt--_Z12pgain_kerneliilP5PointiPfS1_PiPb,45677.0

----------------------------------------------------------------------------------------------------,
\s+Total_core_cache_stats_breakdown\[GLOBAL_ACC_W\]\[HIT\]\s*=\s*(.*),
APPS,QV100-SASS-Accelwattch_SASS_SIM
backprop-rodinia-2.0-ft/4096___data_result_4096_txt--_Z22bpnn_layerforward_CUDAPfS_S_S_ii,11776.0
backprop-rodinia-2.0-ft/4096___data_result_4096_txt--_Z24bpnn_adjust_weights_cudaPfiS_iS_S_,20486.0
bfs-rodinia-2.0-ft/__data_graph4096_txt___data_graph4096_result_txt--_Z6KernelP4NodePiPbS2_S2_S1_i,8123.0
bfs-rodinia-2.0-ft/__data_graph4096_txt___data_graph4096_result_txt--_Z7Kernel2PbS_S_S_i,1050.0
hotspot-rodinia-2.0-ft/30_6_40___data_result_30_6_40_txt--_Z14calculate_tempiPfS_iiiiffffff,1711.0
heartwall-rodinia-2.0-ft/__data_test_avi_1___data_result_1_txt--_Z6kernelv,3794.0
lud-rodinia-2.0-ft/_v__b__i___data_64_dat--_Z12lud_diagonalPfii,960.0
lud-rodinia-2.0-ft/_v__b__i___data_64_dat--_Z13lud_perimeterPfii,372.0
lud-rodinia-2.0-ft/_v__b__i___data_64_dat--_Z12lud_internalPfii,448.0
nw-rodinia-2.0-ft/128_10___data_result_128_10_txt--_Z20needle_cuda_shared_1PiS_S_iiii,504.0
nw-rodinia-2.0-ft/128_10___data_result_128_10_txt--_Z20needle_cuda_shared_2PiS_S_iiii,392.0
nn-rodinia-2.0-ft/__data_filelist_4_3_30_90___data_filelist_4_3_30_90_result_txt--_Z6euclidPcffPfiii,0.0
pathfinder-rodinia-2.0-ft/1000_20_5___data_result_1000_20_5_txt--_Z14dynproc_kerneliPiS_S_iiii,112.0
srad_v2-rodinia-2.0-ft/__data_matrix128x128_txt_0_127_0_127__5_2___data_result_matrix128x128_1_150_1_100__5_2_txt--_Z11srad_cuda_1PfS_S_S_S_S_iif,0.0
srad_v2-rodinia-2.0-ft/__data_matrix128x128_txt_0_127_0_127__5_2___data_result_matrix128x128_1_150_1_100__5_2_txt--_Z11srad_cuda_2PfS_S_S_S_S_iiff,4096.0
streamcluster-rodinia-2.0-ft/3_6_16_1024_1024_100_none_output_txt_1___data_result_3_6_16_1024_1024_100_none_1_txt--_Z12pgain_kerneliilP5PointiPfS1_PiPb,47396.0

----------------------------------------------------------------------------------------------------,
\s+Total_core_cache_stats_breakdown\[GLOBAL_ACC_W\]\[TOTAL_ACCESS\]\s*=\s*(.*),
APPS,QV100-SASS-Accelwattch_SASS_SIM
backprop-rodinia-2.0-ft/4096___data_result_4096_txt--_Z22bpnn_layerforward_CUDAPfS_S_S_ii,12288.0
backprop-rodinia-2.0-ft/4096___data_result_4096_txt--_Z24bpnn_adjust_weights_cudaPfiS_iS_S_,20486.0
bfs-rodinia-2.0-ft/__data_graph4096_txt___data_graph4096_result_txt--_Z6KernelP4NodePiPbS2_S2_S1_i,14424.0
bfs-rodinia-2.0-ft/__data_graph4096_txt___data_graph4096_result_txt--_Z7Kernel2PbS_S_S_i,2196.0
hotspot-rodinia-2.0-ft/30_6_40___data_result_30_6_40_txt--_Z14calculate_tempiPfS_iiiiffffff,1962.0
heartwall-rodinia-2.0-ft/__data_test_avi_1___data_result_1_txt--_Z6kernelv,20522.0
lud-rodinia-2.0-ft/_v__b__i___data_64_dat--_Z12lud_diagonalPfii,960.0
lud-rodinia-2.0-ft/_v__b__i___data_64_dat--_Z13lud_perimeterPfii,372.0
lud-rodinia-2.0-ft/_v__b__i___data_64_dat--_Z12lud_internalPfii,448.0
nw-rodinia-2.0-ft/128_10___data_result_128_10_txt--_Z20needle_cuda_shared_1PiS_S_iiii,1656.0
nw-rodinia-2.0-ft/128_10___data_result_128_10_txt--_Z20needle_cuda_shared_2PiS_S_iiii,1288.0
nn-rodinia-2.0-ft/__data_filelist_4_3_30_90___data_filelist_4_3_30_90_result_txt--_Z6euclidPcffPfiii,7500.0
pathfinder-rodinia-2.0-ft/1000_20_5___data_result_1000_20_5_txt--_Z14dynproc_kerneliPiS_S_iiii,625.0
srad_v2-rodinia-2.0-ft/__data_matrix128x128_txt_0_127_0_127__5_2___data_result_matrix128x128_1_150_1_100__5_2_txt--_Z11srad_cuda_1PfS_S_S_S_S_iif,20480.0
srad_v2-rodinia-2.0-ft/__data_matrix128x128_txt_0_127_0_127__5_2___data_result_matrix128x128_1_150_1_100__5_2_txt--_Z11srad_cuda_2PfS_S_S_S_S_iiff,4096.0
streamcluster-rodinia-2.0-ft/3_6_16_1024_1024_100_none_output_txt_1___data_result_3_6_16_1024_1024_100_none_1_txt--_Z12pgain_kerneliilP5PointiPfS1_PiPb,50539.0

----------------------------------------------------------------------------------------------------,
\s+Total_core_cache_stats_breakdown\[GLOBAL_ACC_R\]\[MSHR_HIT\]\s*=\s*(.*),
APPS,QV100-SASS-Accelwattch_SASS_SIM
backprop-rodinia-2.0-ft/4096___data_result_4096_txt--_Z22bpnn_layerforward_CUDAPfS_S_S_ii,3276.0
backprop-rodinia-2.0-ft/4096___data_result_4096_txt--_Z24bpnn_adjust_weights_cudaPfiS_iS_S_,5998.0
bfs-rodinia-2.0-ft/__data_graph4096_txt___data_graph4096_result_txt--_Z6KernelP4NodePiPbS2_S2_S1_i,1717.0
bfs-rodinia-2.0-ft/__data_graph4096_txt___data_graph4096_result_txt--_Z7Kernel2PbS_S_S_i,0.0
hotspot-rodinia-2.0-ft/30_6_40___data_result_30_6_40_txt--_Z14calculate_tempiPfS_iiiiffffff,100.0
heartwall-rodinia-2.0-ft/__data_test_avi_1___data_result_1_txt--_Z6kernelv,2961.0
lud-rodinia-2.0-ft/_v__b__i___data_64_dat--_Z12lud_diagonalPfii,0.0
lud-rodinia-2.0-ft/_v__b__i___data_64_dat--_Z13lud_perimeterPfii,0.0
lud-rodinia-2.0-ft/_v__b__i___data_64_dat--_Z12lud_internalPfii,0.0
nw-rodinia-2.0-ft/128_10___data_result_128_10_txt--_Z20needle_cuda_shared_1PiS_S_iiii,0.0
nw-rodinia-2.0-ft/128_10___data_result_128_10_txt--_Z20needle_cuda_shared_2PiS_S_iiii,0.0
nn-rodinia-2.0-ft/__data_filelist_4_3_30_90___data_filelist_4_3_30_90_result_txt--_Z6euclidPcffPfiii,303307.0
pathfinder-rodinia-2.0-ft/1000_20_5___data_result_1000_20_5_txt--_Z14dynproc_kerneliPiS_S_iiii,640.0
srad_v2-rodinia-2.0-ft/__data_matrix128x128_txt_0_127_0_127__5_2___data_result_matrix128x128_1_150_1_100__5_2_txt--_Z11srad_cuda_1PfS_S_S_S_S_iif,4032.0
srad_v2-rodinia-2.0-ft/__data_matrix128x128_txt_0_127_0_127__5_2___data_result_matrix128x128_1_150_1_100__5_2_txt--_Z11srad_cuda_2PfS_S_S_S_S_iiff,2016.0
streamcluster-rodinia-2.0-ft/3_6_16_1024_1024_100_none_output_txt_1___data_result_3_6_16_1024_1024_100_none_1_txt--_Z12pgain_kerneliilP5PointiPfS1_PiPb,134382.0

----------------------------------------------------------------------------------------------------,
gpgpu_n_tot_w_icount\s*=\s*(.*),
APPS,QV100-SASS-Accelwattch_SASS_SIM
backprop-rodinia-2.0-ft/4096___data_result_4096_txt--_Z22bpnn_layerforward_CUDAPfS_S_S_ii,290816.0
backprop-rodinia-2.0-ft/4096___data_result_4096_txt--_Z24bpnn_adjust_weights_cudaPfiS_iS_S_,92183.0
bfs-rodinia-2.0-ft/__data_graph4096_txt___data_graph4096_result_txt--_Z6KernelP4NodePiPbS2_S2_S1_i,137429.0
bfs-rodinia-2.0-ft/__data_graph4096_txt___data_graph4096_result_txt--_Z7Kernel2PbS_S_S_i,21547.0
hotspot-rodinia-2.0-ft/30_6_40___data_result_30_6_40_txt--_Z14calculate_tempiPfS_iiiiffffff,1289966.0
heartwall-rodinia-2.0-ft/__data_test_avi_1___data_result_1_txt--_Z6kernelv,265047.0
lud-rodinia-2.0-ft/_v__b__i___data_64_dat--_Z12lud_diagonalPfii,17848.0
lud-rodinia-2.0-ft/_v__b__i___data_64_dat--_Z13lud_perimeterPfii,6162.0
lud-rodinia-2.0-ft/_v__b__i___data_64_dat--_Z12lud_internalPfii,7728.0
nw-rodinia-2.0-ft/128_10___data_result_128_10_txt--_Z20needle_cuda_shared_1PiS_S_iiii,29124.0
nw-rodinia-2.0-ft/128_10___data_result_128_10_txt--_Z20needle_cuda_shared_2PiS_S_iiii,22820.0
nn-rodinia-2.0-ft/__data_filelist_4_3_30_90___data_filelist_4_3_30_90_result_txt--_Z6euclidPcffPfiii,646592.0
pathfinder-rodinia-2.0-ft/1000_20_5___data_result_1000_20_5_txt--_Z14dynproc_kerneliPiS_S_iiii,36689.0
srad_v2-rodinia-2.0-ft/__data_matrix128x128_txt_0_127_0_127__5_2___data_result_matrix128x128_1_150_1_100__5_2_txt--_Z11srad_cuda_1PfS_S_S_S_S_iif,276352.0
srad_v2-rodinia-2.0-ft/__data_matrix128x128_txt_0_127_0_127__5_2___data_result_matrix128x128_1_150_1_100__5_2_txt--_Z11srad_cuda_2PfS_S_S_S_S_iiff,111744.0
streamcluster-rodinia-2.0-ft/3_6_16_1024_1024_100_none_output_txt_1___data_result_3_6_16_1024_1024_100_none_1_txt--_Z12pgain_kerneliilP5PointiPfS1_PiPb,706680.0

----------------------------------------------------------------------------------------------------,
total dram reads\s*=\s*(.*),
APPS,QV100-SASS-Accelwattch_SASS_SIM
backprop-rodinia-2.0-ft/4096___data_result_4096_txt--_Z22bpnn_layerforward_CUDAPfS_S_S_ii,63.0
backprop-rodinia-2.0-ft/4096___data_result_4096_txt--_Z24bpnn_adjust_weights_cudaPfiS_iS_S_,0.0
bfs-rodinia-2.0-ft/__data_graph4096_txt___data_graph4096_result_txt--_Z6KernelP4NodePiPbS2_S2_S1_i,1.0
bfs-rodinia-2.0-ft/__data_graph4096_txt___data_graph4096_result_txt--_Z7Kernel2PbS_S_S_i,0.0
hotspot-rodinia-2.0-ft/30_6_40___data_result_30_6_40_txt--_Z14calculate_tempiPfS_iiiiffffff,31.0
heartwall-rodinia-2.0-ft/__data_test_avi_1___data_result_1_txt--_Z6kernelv,0.0
lud-rodinia-2.0-ft/_v__b__i___data_64_dat--_Z12lud_diagonalPfii,0.0
lud-rodinia-2.0-ft/_v__b__i___data_64_dat--_Z13lud_perimeterPfii,0.0
lud-rodinia-2.0-ft/_v__b__i___data_64_dat--_Z12lud_internalPfii,0.0
nw-rodinia-2.0-ft/128_10___data_result_128_10_txt--_Z20needle_cuda_shared_1PiS_S_iiii,0.0
nw-rodinia-2.0-ft/128_10___data_result_128_10_txt--_Z20needle_cuda_shared_2PiS_S_iiii,0.0
nn-rodinia-2.0-ft/__data_filelist_4_3_30_90___data_filelist_4_3_30_90_result_txt--_Z6euclidPcffPfiii,0.0
pathfinder-rodinia-2.0-ft/1000_20_5___data_result_1000_20_5_txt--_Z14dynproc_kerneliPiS_S_iiii,4.0
srad_v2-rodinia-2.0-ft/__data_matrix128x128_txt_0_127_0_127__5_2___data_result_matrix128x128_1_150_1_100__5_2_txt--_Z11srad_cuda_1PfS_S_S_S_S_iif,48.0
srad_v2-rodinia-2.0-ft/__data_matrix128x128_txt_0_127_0_127__5_2___data_result_matrix128x128_1_150_1_100__5_2_txt--_Z11srad_cuda_2PfS_S_S_S_S_iiff,0.0
streamcluster-rodinia-2.0-ft/3_6_16_1024_1024_100_none_output_txt_1___data_result_3_6_16_1024_1024_100_none_1_txt--_Z12pgain_kerneliilP5PointiPfS1_PiPb,17778.0

----------------------------------------------------------------------------------------------------,
total dram writes\s*=\s*(.*),
APPS,QV100-SASS-Accelwattch_SASS_SIM
backprop-rodinia-2.0-ft/4096___data_result_4096_txt--_Z22bpnn_layerforward_CUDAPfS_S_S_ii,0.0
backprop-rodinia-2.0-ft/4096___data_result_4096_txt--_Z24bpnn_adjust_weights_cudaPfiS_iS_S_,0.0
bfs-rodinia-2.0-ft/__data_graph4096_txt___data_graph4096_result_txt--_Z6KernelP4NodePiPbS2_S2_S1_i,0.0
bfs-rodinia-2.0-ft/__data_graph4096_txt___data_graph4096_result_txt--_Z7Kernel2PbS_S_S_i,0.0
hotspot-rodinia-2.0-ft/30_6_40___data_result_30_6_40_txt--_Z14calculate_tempiPfS_iiiiffffff,0.0
heartwall-rodinia-2.0-ft/__data_test_avi_1___data_result_1_txt--_Z6kernelv,0.0
lud-rodinia-2.0-ft/_v__b__i___data_64_dat--_Z12lud_diagonalPfii,0.0
lud-rodinia-2.0-ft/_v__b__i___data_64_dat--_Z13lud_perimeterPfii,0.0
lud-rodinia-2.0-ft/_v__b__i___data_64_dat--_Z12lud_internalPfii,0.0
nw-rodinia-2.0-ft/128_10___data_result_128_10_txt--_Z20needle_cuda_shared_1PiS_S_iiii,0.0
nw-rodinia-2.0-ft/128_10___data_result_128_10_txt--_Z20needle_cuda_shared_2PiS_S_iiii,0.0
nn-rodinia-2.0-ft/__data_filelist_4_3_30_90___data_filelist_4_3_30_90_result_txt--_Z6euclidPcffPfiii,0.0
pathfinder-rodinia-2.0-ft/1000_20_5___data_result_1000_20_5_txt--_Z14dynproc_kerneliPiS_S_iiii,0.0
srad_v2-rodinia-2.0-ft/__data_matrix128x128_txt_0_127_0_127__5_2___data_result_matrix128x128_1_150_1_100__5_2_txt--_Z11srad_cuda_1PfS_S_S_S_S_iif,0.0
srad_v2-rodinia-2.0-ft/__data_matrix128x128_txt_0_127_0_127__5_2___data_result_matrix128x128_1_150_1_100__5_2_txt--_Z11srad_cuda_2PfS_S_S_S_S_iiff,0.0
streamcluster-rodinia-2.0-ft/3_6_16_1024_1024_100_none_output_txt_1___data_result_3_6_16_1024_1024_100_none_1_txt--_Z12pgain_kerneliilP5PointiPfS1_PiPb,0.0

----------------------------------------------------------------------------------------------------,
kernel_launch_uid\s*=\s*(.*),
APPS,QV100-SASS-Accelwattch_SASS_SIM
backprop-rodinia-2.0-ft/4096___data_result_4096_txt--_Z22bpnn_layerforward_CUDAPfS_S_S_ii,1.0
backprop-rodinia-2.0-ft/4096___data_result_4096_txt--_Z24bpnn_adjust_weights_cudaPfiS_iS_S_,1.0
bfs-rodinia-2.0-ft/__data_graph4096_txt___data_graph4096_result_txt--_Z6KernelP4NodePiPbS2_S2_S1_i,8.0
bfs-rodinia-2.0-ft/__data_graph4096_txt___data_graph4096_result_txt--_Z7Kernel2PbS_S_S_i,8.0
hotspot-rodinia-2.0-ft/30_6_40___data_result_30_6_40_txt--_Z14calculate_tempiPfS_iiiiffffff,7.0
heartwall-rodinia-2.0-ft/__data_test_avi_1___data_result_1_txt--_Z6kernelv,1.0
lud-rodinia-2.0-ft/_v__b__i___data_64_dat--_Z12lud_diagonalPfii,4.0
lud-rodinia-2.0-ft/_v__b__i___data_64_dat--_Z13lud_perimeterPfii,3.0
lud-rodinia-2.0-ft/_v__b__i___data_64_dat--_Z12lud_internalPfii,3.0
nw-rodinia-2.0-ft/128_10___data_result_128_10_txt--_Z20needle_cuda_shared_1PiS_S_iiii,8.0
nw-rodinia-2.0-ft/128_10___data_result_128_10_txt--_Z20needle_cuda_shared_2PiS_S_iiii,7.0
nn-rodinia-2.0-ft/__data_filelist_4_3_30_90___data_filelist_4_3_30_90_result_txt--_Z6euclidPcffPfiii,4.0
pathfinder-rodinia-2.0-ft/1000_20_5___data_result_1000_20_5_txt--_Z14dynproc_kerneliPiS_S_iiii,4.0
srad_v2-rodinia-2.0-ft/__data_matrix128x128_txt_0_127_0_127__5_2___data_result_matrix128x128_1_150_1_100__5_2_txt--_Z11srad_cuda_1PfS_S_S_S_S_iif,2.0
srad_v2-rodinia-2.0-ft/__data_matrix128x128_txt_0_127_0_127__5_2___data_result_matrix128x128_1_150_1_100__5_2_txt--_Z11srad_cuda_2PfS_S_S_S_S_iiff,2.0
streamcluster-rodinia-2.0-ft/3_6_16_1024_1024_100_none_output_txt_1___data_result_3_6_16_1024_1024_100_none_1_txt--_Z12pgain_kerneliilP5PointiPfS1_PiPb,130.0

----------------------------------------------------------------------------------------------------,
gpgpu_n_shmem_bkconflict\s*=\s*(.*),
APPS,QV100-SASS-Accelwattch_SASS_SIM
backprop-rodinia-2.0-ft/4096___data_result_4096_txt--_Z22bpnn_layerforward_CUDAPfS_S_S_ii,0.0
backprop-rodinia-2.0-ft/4096___data_result_4096_txt--_Z24bpnn_adjust_weights_cudaPfiS_iS_S_,0.0
bfs-rodinia-2.0-ft/__data_graph4096_txt___data_graph4096_result_txt--_Z6KernelP4NodePiPbS2_S2_S1_i,0.0
bfs-rodinia-2.0-ft/__data_graph4096_txt___data_graph4096_result_txt--_Z7Kernel2PbS_S_S_i,0.0
hotspot-rodinia-2.0-ft/30_6_40___data_result_30_6_40_txt--_Z14calculate_tempiPfS_iiiiffffff,18272.0
heartwall-rodinia-2.0-ft/__data_test_avi_1___data_result_1_txt--_Z6kernelv,0.0
lud-rodinia-2.0-ft/_v__b__i___data_64_dat--_Z12lud_diagonalPfii,2016.0
lud-rodinia-2.0-ft/_v__b__i___data_64_dat--_Z13lud_perimeterPfii,882.0
lud-rodinia-2.0-ft/_v__b__i___data_64_dat--_Z12lud_internalPfii,0.0
nw-rodinia-2.0-ft/128_10___data_result_128_10_txt--_Z20needle_cuda_shared_1PiS_S_iiii,15120.0
nw-rodinia-2.0-ft/128_10___data_result_128_10_txt--_Z20needle_cuda_shared_2PiS_S_iiii,11760.0
nn-rodinia-2.0-ft/__data_filelist_4_3_30_90___data_filelist_4_3_30_90_result_txt--_Z6euclidPcffPfiii,0.0
pathfinder-rodinia-2.0-ft/1000_20_5___data_result_1000_20_5_txt--_Z14dynproc_kerneliPiS_S_iiii,0.0
srad_v2-rodinia-2.0-ft/__data_matrix128x128_txt_0_127_0_127__5_2___data_result_matrix128x128_1_150_1_100__5_2_txt--_Z11srad_cuda_1PfS_S_S_S_S_iif,4220.0
srad_v2-rodinia-2.0-ft/__data_matrix128x128_txt_0_127_0_127__5_2___data_result_matrix128x128_1_150_1_100__5_2_txt--_Z11srad_cuda_2PfS_S_S_S_S_iiff,1152.0
streamcluster-rodinia-2.0-ft/3_6_16_1024_1024_100_none_output_txt_1___data_result_3_6_16_1024_1024_100_none_1_txt--_Z12pgain_kerneliilP5PointiPfS1_PiPb,0.0

----------------------------------------------------------------------------------------------------,
gpgpu_n_l1cache_bkconflict\s*=\s*(.*),
APPS,QV100-SASS-Accelwattch_SASS_SIM
backprop-rodinia-2.0-ft/4096___data_result_4096_txt--_Z22bpnn_layerforward_CUDAPfS_S_S_ii,14122.0
backprop-rodinia-2.0-ft/4096___data_result_4096_txt--_Z24bpnn_adjust_weights_cudaPfiS_iS_S_,26139.0
bfs-rodinia-2.0-ft/__data_graph4096_txt___data_graph4096_result_txt--_Z6KernelP4NodePiPbS2_S2_S1_i,17714.0
bfs-rodinia-2.0-ft/__data_graph4096_txt___data_graph4096_result_txt--_Z7Kernel2PbS_S_S_i,0.0
hotspot-rodinia-2.0-ft/30_6_40___data_result_30_6_40_txt--_Z14calculate_tempiPfS_iiiiffffff,6130.0
heartwall-rodinia-2.0-ft/__data_test_avi_1___data_result_1_txt--_Z6kernelv,2173.0
lud-rodinia-2.0-ft/_v__b__i___data_64_dat--_Z12lud_diagonalPfii,0.0
lud-rodinia-2.0-ft/_v__b__i___data_64_dat--_Z13lud_perimeterPfii,0.0
lud-rodinia-2.0-ft/_v__b__i___data_64_dat--_Z12lud_internalPfii,448.0
nw-rodinia-2.0-ft/128_10___data_result_128_10_txt--_Z20needle_cuda_shared_1PiS_S_iiii,468.0
nw-rodinia-2.0-ft/128_10___data_result_128_10_txt--_Z20needle_cuda_shared_2PiS_S_iiii,364.0
nn-rodinia-2.0-ft/__data_filelist_4_3_30_90___data_filelist_4_3_30_90_result_txt--_Z6euclidPcffPfiii,63261.0
pathfinder-rodinia-2.0-ft/1000_20_5___data_result_1000_20_5_txt--_Z14dynproc_kerneliPiS_S_iiii,5.0
srad_v2-rodinia-2.0-ft/__data_matrix128x128_txt_0_127_0_127__5_2___data_result_matrix128x128_1_150_1_100__5_2_txt--_Z11srad_cuda_1PfS_S_S_S_S_iif,16128.0
srad_v2-rodinia-2.0-ft/__data_matrix128x128_txt_0_127_0_127__5_2___data_result_matrix128x128_1_150_1_100__5_2_txt--_Z11srad_cuda_2PfS_S_S_S_S_iiff,10094.0
streamcluster-rodinia-2.0-ft/3_6_16_1024_1024_100_none_output_txt_1___data_result_3_6_16_1024_1024_100_none_1_txt--_Z12pgain_kerneliilP5PointiPfS1_PiPb,250953.0

----------------------------------------------------------------------------------------------------,
gpu_ipc\s*=\s*(.*),
APPS,QV100-SASS-Accelwattch_SASS_SIM
backprop-rodinia-2.0-ft/4096___data_result_4096_txt--_Z22bpnn_layerforward_CUDAPfS_S_S_ii,982.8915
backprop-rodinia-2.0-ft/4096___data_result_4096_txt--_Z24bpnn_adjust_weights_cudaPfiS_iS_S_,411.4618
bfs-rodinia-2.0-ft/__data_graph4096_txt___data_graph4096_result_txt--_Z6KernelP4NodePiPbS2_S2_S1_i,6.5959
bfs-rodinia-2.0-ft/__data_graph4096_txt___data_graph4096_result_txt--_Z7Kernel2PbS_S_S_i,8.5236
hotspot-rodinia-2.0-ft/30_6_40___data_result_30_6_40_txt--_Z14calculate_tempiPfS_iiiiffffff,510.8157
heartwall-rodinia-2.0-ft/__data_test_avi_1___data_result_1_txt--_Z6kernelv,873.6995
lud-rodinia-2.0-ft/_v__b__i___data_64_dat--_Z12lud_diagonalPfii,0.9409
lud-rodinia-2.0-ft/_v__b__i___data_64_dat--_Z13lud_perimeterPfii,1.8390
lud-rodinia-2.0-ft/_v__b__i___data_64_dat--_Z12lud_internalPfii,3.0107
nw-rodinia-2.0-ft/128_10___data_result_128_10_txt--_Z20needle_cuda_shared_1PiS_S_iiii,8.3729
nw-rodinia-2.0-ft/128_10___data_result_128_10_txt--_Z20needle_cuda_shared_2PiS_S_iiii,1.0582
nn-rodinia-2.0-ft/__data_filelist_4_3_30_90___data_filelist_4_3_30_90_result_txt--_Z6euclidPcffPfiii,223.1163
pathfinder-rodinia-2.0-ft/1000_20_5___data_result_1000_20_5_txt--_Z14dynproc_kerneliPiS_S_iiii,33.3768
srad_v2-rodinia-2.0-ft/__data_matrix128x128_txt_0_127_0_127__5_2___data_result_matrix128x128_1_150_1_100__5_2_txt--_Z11srad_cuda_1PfS_S_S_S_S_iif,515.5610
srad_v2-rodinia-2.0-ft/__data_matrix128x128_txt_0_127_0_127__5_2___data_result_matrix128x128_1_150_1_100__5_2_txt--_Z11srad_cuda_2PfS_S_S_S_S_iiff,219.3076
streamcluster-rodinia-2.0-ft/3_6_16_1024_1024_100_none_output_txt_1___data_result_3_6_16_1024_1024_100_none_1_txt--_Z12pgain_kerneliilP5PointiPfS1_PiPb,17.1011

----------------------------------------------------------------------------------------------------,
gpu_occupancy\s*=\s*(.*)%,
APPS,QV100-SASS-Accelwattch_SASS_SIM
backprop-rodinia-2.0-ft/4096___data_result_4096_txt--_Z22bpnn_layerforward_CUDAPfS_S_S_ii,39.2960
backprop-rodinia-2.0-ft/4096___data_result_4096_txt--_Z24bpnn_adjust_weights_cudaPfiS_iS_S_,37.1389
bfs-rodinia-2.0-ft/__data_graph4096_txt___data_graph4096_result_txt--_Z6KernelP4NodePiPbS2_S2_S1_i,14.7260
bfs-rodinia-2.0-ft/__data_graph4096_txt___data_graph4096_result_txt--_Z7Kernel2PbS_S_S_i,24.3156
hotspot-rodinia-2.0-ft/30_6_40___data_result_30_6_40_txt--_Z14calculate_tempiPfS_iiiiffffff,12.1996
heartwall-rodinia-2.0-ft/__data_test_avi_1___data_result_1_txt--_Z6kernelv,21.4283
lud-rodinia-2.0-ft/_v__b__i___data_64_dat--_Z12lud_diagonalPfii,1.5625
lud-rodinia-2.0-ft/_v__b__i___data_64_dat--_Z13lud_perimeterPfii,1.5625
lud-rodinia-2.0-ft/_v__b__i___data_64_dat--_Z12lud_internalPfii,12.2196
nw-rodinia-2.0-ft/128_10___data_result_128_10_txt--_Z20needle_cuda_shared_1PiS_S_iiii,1.5625
nw-rodinia-2.0-ft/128_10___data_result_128_10_txt--_Z20needle_cuda_shared_2PiS_S_iiii,1.5625
nn-rodinia-2.0-ft/__data_filelist_4_3_30_90___data_filelist_4_3_30_90_result_txt--_Z6euclidPcffPfiii,16.5934
pathfinder-rodinia-2.0-ft/1000_20_5___data_result_1000_20_5_txt--_Z14dynproc_kerneliPiS_S_iiii,12.1603
srad_v2-rodinia-2.0-ft/__data_matrix128x128_txt_0_127_0_127__5_2___data_result_matrix128x128_1_150_1_100__5_2_txt--_Z11srad_cuda_1PfS_S_S_S_S_iif,12.3700
srad_v2-rodinia-2.0-ft/__data_matrix128x128_txt_0_127_0_127__5_2___data_result_matrix128x128_1_150_1_100__5_2_txt--_Z11srad_cuda_2PfS_S_S_S_S_iiff,12.3904
streamcluster-rodinia-2.0-ft/3_6_16_1024_1024_100_none_output_txt_1___data_result_3_6_16_1024_1024_100_none_1_txt--_Z12pgain_kerneliilP5PointiPfS1_PiPb,23.2544

----------------------------------------------------------------------------------------------------,
L2_BW\s*=\s*(.*)\s*GB\/Sec,
APPS,QV100-SASS-Accelwattch_SASS_SIM
backprop-rodinia-2.0-ft/4096___data_result_4096_txt--_Z22bpnn_layerforward_CUDAPfS_S_S_ii,102.5315
backprop-rodinia-2.0-ft/4096___data_result_4096_txt--_Z24bpnn_adjust_weights_cudaPfiS_iS_S_,203.7206
bfs-rodinia-2.0-ft/__data_graph4096_txt___data_graph4096_result_txt--_Z6KernelP4NodePiPbS2_S2_S1_i,0.7980
bfs-rodinia-2.0-ft/__data_graph4096_txt___data_graph4096_result_txt--_Z7Kernel2PbS_S_S_i,0.8772
hotspot-rodinia-2.0-ft/30_6_40___data_result_30_6_40_txt--_Z14calculate_tempiPfS_iiiiffffff,7.5469
heartwall-rodinia-2.0-ft/__data_test_avi_1___data_result_1_txt--_Z6kernelv,169.8758
lud-rodinia-2.0-ft/_v__b__i___data_64_dat--_Z12lud_diagonalPfii,0.4713
lud-rodinia-2.0-ft/_v__b__i___data_64_dat--_Z13lud_perimeterPfii,0.6546
lud-rodinia-2.0-ft/_v__b__i___data_64_dat--_Z12lud_internalPfii,0.8019
nw-rodinia-2.0-ft/128_10___data_result_128_10_txt--_Z20needle_cuda_shared_1PiS_S_iiii,3.6388
nw-rodinia-2.0-ft/128_10___data_result_128_10_txt--_Z20needle_cuda_shared_2PiS_S_iiii,0.4544
nn-rodinia-2.0-ft/__data_filelist_4_3_30_90___data_filelist_4_3_30_90_result_txt--_Z6euclidPcffPfiii,103.8142
pathfinder-rodinia-2.0-ft/1000_20_5___data_result_1000_20_5_txt--_Z14dynproc_kerneliPiS_S_iiii,4.2805
srad_v2-rodinia-2.0-ft/__data_matrix128x128_txt_0_127_0_127__5_2___data_result_matrix128x128_1_150_1_100__5_2_txt--_Z11srad_cuda_1PfS_S_S_S_S_iif,69.8257
srad_v2-rodinia-2.0-ft/__data_matrix128x128_txt_0_127_0_127__5_2___data_result_matrix128x128_1_150_1_100__5_2_txt--_Z11srad_cuda_2PfS_S_S_S_S_iiff,79.7948
streamcluster-rodinia-2.0-ft/3_6_16_1024_1024_100_none_output_txt_1___data_result_3_6_16_1024_1024_100_none_1_txt--_Z12pgain_kerneliilP5PointiPfS1_PiPb,16.4766

----------------------------------------------------------------------------------------------------,
gpgpu_simulation_rate\s+=\s+(.*)\s+\(inst\/sec\),
APPS,QV100-SASS-Accelwattch_SASS_SIM
backprop-rodinia-2.0-ft/4096___data_result_4096_txt--_Z22bpnn_layerforward_CUDAPfS_S_S_ii,1084269
backprop-rodinia-2.0-ft/4096___data_result_4096_txt--_Z24bpnn_adjust_weights_cudaPfiS_iS_S_,748130
bfs-rodinia-2.0-ft/__data_graph4096_txt___data_graph4096_result_txt--_Z6KernelP4NodePiPbS2_S2_S1_i,58297
bfs-rodinia-2.0-ft/__data_graph4096_txt___data_graph4096_result_txt--_Z7Kernel2PbS_S_S_i,57666
hotspot-rodinia-2.0-ft/30_6_40___data_result_30_6_40_txt--_Z14calculate_tempiPfS_iiiiffffff,917570
heartwall-rodinia-2.0-ft/__data_test_avi_1___data_result_1_txt--_Z6kernelv,1465893
lud-rodinia-2.0-ft/_v__b__i___data_64_dat--_Z12lud_diagonalPfii,17453
lud-rodinia-2.0-ft/_v__b__i___data_64_dat--_Z13lud_perimeterPfii,21211
lud-rodinia-2.0-ft/_v__b__i___data_64_dat--_Z12lud_internalPfii,21011
nw-rodinia-2.0-ft/128_10___data_result_128_10_txt--_Z20needle_cuda_shared_1PiS_S_iiii,37008
nw-rodinia-2.0-ft/128_10___data_result_128_10_txt--_Z20needle_cuda_shared_2PiS_S_iiii,28344
nn-rodinia-2.0-ft/__data_filelist_4_3_30_90___data_filelist_4_3_30_90_result_txt--_Z6euclidPcffPfiii,231535
pathfinder-rodinia-2.0-ft/1000_20_5___data_result_1000_20_5_txt--_Z14dynproc_kerneliPiS_S_iiii,264910
srad_v2-rodinia-2.0-ft/__data_matrix128x128_txt_0_127_0_127__5_2___data_result_matrix128x128_1_150_1_100__5_2_txt--_Z11srad_cuda_1PfS_S_S_S_S_iif,718946
srad_v2-rodinia-2.0-ft/__data_matrix128x128_txt_0_127_0_127__5_2___data_result_matrix128x128_1_150_1_100__5_2_txt--_Z11srad_cuda_2PfS_S_S_S_S_iiff,640485
streamcluster-rodinia-2.0-ft/3_6_16_1024_1024_100_none_output_txt_1___data_result_3_6_16_1024_1024_100_none_1_txt--_Z12pgain_kerneliilP5PointiPfS1_PiPb,68803

----------------------------------------------------------------------------------------------------,
gpgpu_simulation_rate\s+=\s+(.*)\s+\(cycle\/sec\),
APPS,QV100-SASS-Accelwattch_SASS_SIM
backprop-rodinia-2.0-ft/4096___data_result_4096_txt--_Z22bpnn_layerforward_CUDAPfS_S_S_ii,1103
backprop-rodinia-2.0-ft/4096___data_result_4096_txt--_Z24bpnn_adjust_weights_cudaPfiS_iS_S_,1052
bfs-rodinia-2.0-ft/__data_graph4096_txt___data_graph4096_result_txt--_Z6KernelP4NodePiPbS2_S2_S1_i,5513
bfs-rodinia-2.0-ft/__data_graph4096_txt___data_graph4096_result_txt--_Z7Kernel2PbS_S_S_i,5502
hotspot-rodinia-2.0-ft/30_6_40___data_result_30_6_40_txt--_Z14calculate_tempiPfS_iiiiffffff,1455
heartwall-rodinia-2.0-ft/__data_test_avi_1___data_result_1_txt--_Z6kernelv,1677
lud-rodinia-2.0-ft/_v__b__i___data_64_dat--_Z12lud_diagonalPfii,5304
lud-rodinia-2.0-ft/_v__b__i___data_64_dat--_Z13lud_perimeterPfii,5589
lud-rodinia-2.0-ft/_v__b__i___data_64_dat--_Z12lud_internalPfii,5600
nw-rodinia-2.0-ft/128_10___data_result_128_10_txt--_Z20needle_cuda_shared_1PiS_S_iiii,7857
nw-rodinia-2.0-ft/128_10___data_result_128_10_txt--_Z20needle_cuda_shared_2PiS_S_iiii,6316
nn-rodinia-2.0-ft/__data_filelist_4_3_30_90___data_filelist_4_3_30_90_result_txt--_Z6euclidPcffPfiii,1033
pathfinder-rodinia-2.0-ft/1000_20_5___data_result_1000_20_5_txt--_Z14dynproc_kerneliPiS_S_iiii,7179
srad_v2-rodinia-2.0-ft/__data_matrix128x128_txt_0_127_0_127__5_2___data_result_matrix128x128_1_150_1_100__5_2_txt--_Z11srad_cuda_1PfS_S_S_S_S_iif,1706
srad_v2-rodinia-2.0-ft/__data_matrix128x128_txt_0_127_0_127__5_2___data_result_matrix128x128_1_150_1_100__5_2_txt--_Z11srad_cuda_2PfS_S_S_S_S_iiff,1718
streamcluster-rodinia-2.0-ft/3_6_16_1024_1024_100_none_output_txt_1___data_result_3_6_16_1024_1024_100_none_1_txt--_Z12pgain_kerneliilP5PointiPfS1_PiPb,3961

----------------------------------------------------------------------------------------------------,
gpgpu_silicon_slowdown\s*=\s*(.*)x,
APPS,QV100-SASS-Accelwattch_SASS_SIM
backprop-rodinia-2.0-ft/4096___data_result_4096_txt--_Z22bpnn_layerforward_CUDAPfS_S_S_ii,1026291
backprop-rodinia-2.0-ft/4096___data_result_4096_txt--_Z24bpnn_adjust_weights_cudaPfiS_iS_S_,1076045
bfs-rodinia-2.0-ft/__data_graph4096_txt___data_graph4096_result_txt--_Z6KernelP4NodePiPbS2_S2_S1_i,205332
bfs-rodinia-2.0-ft/__data_graph4096_txt___data_graph4096_result_txt--_Z7Kernel2PbS_S_S_i,205743
hotspot-rodinia-2.0-ft/30_6_40___data_result_30_6_40_txt--_Z14calculate_tempiPfS_iiiiffffff,778006
heartwall-rodinia-2.0-ft/__data_test_avi_1___data_result_1_txt--_Z6kernelv,675014
lud-rodinia-2.0-ft/_v__b__i___data_64_dat--_Z12lud_diagonalPfii,213423
lud-rodinia-2.0-ft/_v__b__i___data_64_dat--_Z13lud_perimeterPfii,202540
lud-rodinia-2.0-ft/_v__b__i___data_64_dat--_Z12lud_internalPfii,202142
nw-rodinia-2.0-ft/128_10___data_result_128_10_txt--_Z20needle_cuda_shared_1PiS_S_iiii,144075
nw-rodinia-2.0-ft/128_10___data_result_128_10_txt--_Z20needle_cuda_shared_2PiS_S_iiii,179227
nn-rodinia-2.0-ft/__data_filelist_4_3_30_90___data_filelist_4_3_30_90_result_txt--_Z6euclidPcffPfiii,1095837
pathfinder-rodinia-2.0-ft/1000_20_5___data_result_1000_20_5_txt--_Z14dynproc_kerneliPiS_S_iiii,157682
srad_v2-rodinia-2.0-ft/__data_matrix128x128_txt_0_127_0_127__5_2___data_result_matrix128x128_1_150_1_100__5_2_txt--_Z11srad_cuda_1PfS_S_S_S_S_iif,663540
srad_v2-rodinia-2.0-ft/__data_matrix128x128_txt_0_127_0_127__5_2___data_result_matrix128x128_1_150_1_100__5_2_txt--_Z11srad_cuda_2PfS_S_S_S_S_iiff,658905
streamcluster-rodinia-2.0-ft/3_6_16_1024_1024_100_none_output_txt_1___data_result_3_6_16_1024_1024_100_none_1_txt--_Z12pgain_kerneliilP5PointiPfS1_PiPb,285786

----------------------------------------------------------------------------------------------------,
gpu_tot_ipc\s*=\s*(.*),
APPS,QV100-SASS-Accelwattch_SASS_SIM
backprop-rodinia-2.0-ft/4096___data_result_4096_txt--_Z22bpnn_layerforward_CUDAPfS_S_S_ii,982.8915
backprop-rodinia-2.0-ft/4096___data_result_4096_txt--_Z24bpnn_adjust_weights_cudaPfiS_iS_S_,711.0056
bfs-rodinia-2.0-ft/__data_graph4096_txt___data_graph4096_result_txt--_Z6KernelP4NodePiPbS2_S2_S1_i,10.5735
bfs-rodinia-2.0-ft/__data_graph4096_txt___data_graph4096_result_txt--_Z7Kernel2PbS_S_S_i,10.4797
hotspot-rodinia-2.0-ft/30_6_40___data_result_30_6_40_txt--_Z14calculate_tempiPfS_iiiiffffff,630.4216
heartwall-rodinia-2.0-ft/__data_test_avi_1___data_result_1_txt--_Z6kernelv,873.6995
lud-rodinia-2.0-ft/_v__b__i___data_64_dat--_Z12lud_diagonalPfii,3.2903
lud-rodinia-2.0-ft/_v__b__i___data_64_dat--_Z13lud_perimeterPfii,3.7945
lud-rodinia-2.0-ft/_v__b__i___data_64_dat--_Z12lud_internalPfii,3.7519
nw-rodinia-2.0-ft/128_10___data_result_128_10_txt--_Z20needle_cuda_shared_1PiS_S_iiii,4.7097
nw-rodinia-2.0-ft/128_10___data_result_128_10_txt--_Z20needle_cuda_shared_2PiS_S_iiii,4.4871
nn-rodinia-2.0-ft/__data_filelist_4_3_30_90___data_filelist_4_3_30_90_result_txt--_Z6euclidPcffPfiii,224.1018
pathfinder-rodinia-2.0-ft/1000_20_5___data_result_1000_20_5_txt--_Z14dynproc_kerneliPiS_S_iiii,36.8994
srad_v2-rodinia-2.0-ft/__data_matrix128x128_txt_0_127_0_127__5_2___data_result_matrix128x128_1_150_1_100__5_2_txt--_Z11srad_cuda_1PfS_S_S_S_S_iif,421.3842
srad_v2-rodinia-2.0-ft/__data_matrix128x128_txt_0_127_0_127__5_2___data_result_matrix128x128_1_150_1_100__5_2_txt--_Z11srad_cuda_2PfS_S_S_S_S_iiff,372.7450
streamcluster-rodinia-2.0-ft/3_6_16_1024_1024_100_none_output_txt_1___data_result_3_6_16_1024_1024_100_none_1_txt--_Z12pgain_kerneliilP5PointiPfS1_PiPb,17.3684

